target_time,issue_date,p10,p50,p90,actual
2026-06-09 22:00:00+00:00,2026-06-09,0.0,0.0,1.54480478956687e-07,0.0
2026-06-09 23:00:00+00:00,2026-06-09,0.0,0.0,1.54480478956687e-07,0.0
2026-06-10 00:00:00+00:00,2026-06-09,0.0,0.0,1.54480478956687e-07,0.0
2026-06-10 01:00:00+00:00,2026-06-09,0.0,1.54480478956687e-07,1.792245017854052,4.0
2026-06-10 02:00:00+00:00,2026-06-09,1.625205707241343,10.87530714084161,17.519036431103036,48.0125
2026-06-10 03:00:00+00:00,2026-06-09,0.3683836302834795,8.570282968638518,74.77927502119053,69.8075
2026-06-10 04:00:00+00:00,2026-06-09,108.82845331950602,174.45190892670158,179.08505765976156,201.72
2026-06-10 05:00:00+00:00,2026-06-09,200.21756276668805,265.35802745041605,321.7261530120082,361.115
2026-06-10 06:00:00+00:00,2026-06-09,253.3302119700737,365.50023932332135,435.42561335331465,521.155
2026-06-10 07:00:00+00:00,2026-06-09,369.444387653752,511.5754058876786,570.185547879638,673.005
2026-06-10 08:00:00+00:00,2026-06-09,440.4745011912741,619.878748396679,733.0341026969168,760.8375
2026-06-10 09:00:00+00:00,2026-06-09,612.2226856022768,896.5586816393352,955.3970675212698,934.0525
2026-06-10 10:00:00+00:00,2026-06-09,704.6368411343961,1042.323825640581,1094.6141971903746,1106.46
2026-06-10 11:00:00+00:00,2026-06-09,630.4167079834888,811.580628566471,1038.0488411502986,1115.02
2026-06-10 12:00:00+00:00,2026-06-09,577.6896957511037,749.6081459866924,860.372457743938,968.8125
2026-06-10 13:00:00+00:00,2026-06-09,503.26047473683326,759.0530773443379,766.032940942787,710.1175000000001
2026-06-10 14:00:00+00:00,2026-06-09,418.5887922164963,612.4610396813199,677.6644873300876,487.6825
2026-06-10 15:00:00+00:00,2026-06-09,289.40054383803766,400.3431043767144,473.4771772678083,342.6375
2026-06-10 16:00:00+00:00,2026-06-09,197.2965169148733,336.1099897264701,342.2518743213678,236.47500000000002
2026-06-10 17:00:00+00:00,2026-06-09,128.57264129256762,209.3491320514256,220.6407906566176,157.12
2026-06-10 18:00:00+00:00,2026-06-09,58.68966910067771,96.31088554699176,104.23027001446108,85.44
2026-06-10 19:00:00+00:00,2026-06-09,2.4777426292631755,2.9234581544162253,20.05618159259902,66.15
2026-06-10 20:00:00+00:00,2026-06-09,1.54480478956687e-07,0.0062108215947577,0.3536324477476268,2.1675
2026-06-10 21:00:00+00:00,2026-06-09,0.0,0.0,1.54480478956687e-07,0.0
2026-06-10 22:00:00+00:00,2026-06-10,0.0,1.54480478956687e-07,0.5057334561541481,0.0
2026-06-10 23:00:00+00:00,2026-06-10,0.0,0.0,1.54480478956687e-07,0.0
2026-06-11 00:00:00+00:00,2026-06-10,0.0,0.0,1.54480478956687e-07,0.0
2026-06-11 01:00:00+00:00,2026-06-10,0.0,1.54480478956687e-07,1.792245017854052,4.73
2026-06-11 02:00:00+00:00,2026-06-10,1.625205707241343,8.924813042256796,17.519036431103036,47.1275
2026-06-11 03:00:00+00:00,2026-06-10,1.5215457990586123,7.806003579597684,95.98538717744924,80.4975
2026-06-11 04:00:00+00:00,2026-06-10,156.0376277177422,203.09894368659045,224.8755624160869,276.56
2026-06-11 05:00:00+00:00,2026-06-10,300.3420168979931,477.55861377481807,483.0493880852746,580.2025
2026-06-11 06:00:00+00:00,2026-06-10,523.6723383756084,694.668722439352,793.1768510633071,815.8175
2026-06-11 07:00:00+00:00,2026-06-10,650.7772675901261,1016.6978509650286,1057.7640410193412,1197.01
2026-06-11 08:00:00+00:00,2026-06-10,912.7879699344162,1322.1196916710562,1327.379069762387,1598.01
2026-06-11 09:00:00+00:00,2026-06-10,1034.5416840450407,1449.2285197987198,1585.8362704104086,2065.385
2026-06-11 10:00:00+00:00,2026-06-10,1262.673083997672,1680.6301303005516,1844.125715871812,2166.5025
2026-06-11 11:00:00+00:00,2026-06-10,1465.3743394944447,1839.155904060628,1977.9943027707675,1957.9325
2026-06-11 12:00:00+00:00,2026-06-10,1465.8076847908203,1796.3866447765208,1800.622362010536,1920.9924999999998
2026-06-11 13:00:00+00:00,2026-06-10,1230.0355551967457,1531.2966825305346,1635.694162019207,1916.4625
2026-06-11 14:00:00+00:00,2026-06-10,992.2173282327772,1332.83366367294,1417.6731528062992,1668.5375
2026-06-11 15:00:00+00:00,2026-06-10,819.9043814029383,895.1634371811361,1034.188395703975,1390.6175
2026-06-11 16:00:00+00:00,2026-06-10,510.6452767264408,593.230280269854,632.8679243868069,840.8000000000001
2026-06-11 17:00:00+00:00,2026-06-10,230.5864958765581,348.0993385290339,371.39642318069286,355.82
2026-06-11 18:00:00+00:00,2026-06-10,98.10025972631276,121.52182962274436,159.41222371807717,139.37
2026-06-11 19:00:00+00:00,2026-06-10,0.0,0.0,32.61344752073412,64.7475
2026-06-11 20:00:00+00:00,2026-06-10,0.0,0.0,1.54480478956687e-07,3.065
2026-06-11 21:00:00+00:00,2026-06-10,0.0,0.0,1.54480478956687e-07,0.0
2026-06-11 22:00:00+00:00,2026-06-11,0.0,0.0,1.54480478956687e-07,0.0
2026-06-11 23:00:00+00:00,2026-06-11,0.0,0.0,1.54480478956687e-07,0.0
2026-06-12 00:00:00+00:00,2026-06-11,0.0,0.0,1.54480478956687e-07,0.0
2026-06-12 01:00:00+00:00,2026-06-11,0.0,1.54480478956687e-07,1.792245017854052,4.7725
2026-06-12 02:00:00+00:00,2026-06-11,1.625205707241343,5.11580428642472,17.519036431103036,47.91
2026-06-12 03:00:00+00:00,2026-06-11,1.6781514372914144,1.904882379935696,60.08134790310493,114.245
2026-06-12 04:00:00+00:00,2026-06-11,238.6317399445223,358.0035235091636,501.0264796015198,356.81
2026-06-12 05:00:00+00:00,2026-06-11,545.9315882808853,880.3344018283923,1180.0653720136047,809.27
2026-06-12 06:00:00+00:00,2026-06-11,1040.854232439318,1441.8168360075122,1604.3067026782348,1343.3825000000002
2026-06-12 07:00:00+00:00,2026-06-11,1302.577021875304,1752.7687194997654,1795.228126037273,1743.8575
2026-06-12 08:00:00+00:00,2026-06-11,1406.2410446190734,1839.3148546285008,1912.0953891290487,1843.725
2026-06-12 09:00:00+00:00,2026-06-11,1408.1776207629764,1775.8221219732009,1815.577191418196,1695.805
2026-06-12 10:00:00+00:00,2026-06-11,1436.6786389701756,1759.0646672237938,1805.169609053885,1583.6275
2026-06-12 11:00:00+00:00,2026-06-11,1348.6814272401402,1708.420360892619,1716.3700397949926,1528.0425
2026-06-12 12:00:00+00:00,2026-06-11,1062.6048718850025,1439.53584960747,1440.5304213191478,1220.8425
2026-06-12 13:00:00+00:00,2026-06-11,779.767561992522,1009.9274896986552,1119.3562524069862,992.965
2026-06-12 14:00:00+00:00,2026-06-11,489.8044168493672,671.6163974885811,702.1135019396767,769.935
2026-06-12 15:00:00+00:00,2026-06-11,379.3979796892433,461.4508543561972,568.9704404668754,560.19
2026-06-12 16:00:00+00:00,2026-06-11,272.7906798021641,408.2389131500156,431.3180405919599,379.22
2026-06-12 17:00:00+00:00,2026-06-11,166.11705155976665,257.0198242242984,293.30517147386195,216.4325
2026-06-12 18:00:00+00:00,2026-06-11,69.0669637036477,112.4546921614038,129.19028593026582,96.61
2026-06-12 19:00:00+00:00,2026-06-11,0.4177471409717533,9.123317888851249,19.552422999910128,66.965
2026-06-12 20:00:00+00:00,2026-06-11,0.0,1.54480478956687e-07,2.525880275561804,4.3175
2026-06-12 21:00:00+00:00,2026-06-11,0.0,1.54480478956687e-07,2.052118111343939,0.0
2026-06-12 22:00:00+00:00,2026-06-12,0.0,1.54480478956687e-07,0.0254974543422761,0.0
2026-06-12 23:00:00+00:00,2026-06-12,0.0,0.0,1.54480478956687e-07,0.0
2026-06-13 00:00:00+00:00,2026-06-12,0.0,0.0,1.54480478956687e-07,0.0
2026-06-13 01:00:00+00:00,2026-06-12,0.0,1.54480478956687e-07,1.792245017854052,4.66
2026-06-13 02:00:00+00:00,2026-06-12,1.625205707241343,8.946448224605792,17.519036431103036,46.47
2026-06-13 03:00:00+00:00,2026-06-12,0.7932723186192542,6.474998762745017,142.82411711133594,78.54
2026-06-13 04:00:00+00:00,2026-06-12,98.06995146323308,187.09338563757703,204.2261074516028,252.9225
2026-06-13 05:00:00+00:00,2026-06-12,266.9849524099876,335.3698976963385,382.75987410519673,620.13
2026-06-13 06:00:00+00:00,2026-06-12,434.051210875937,616.9491121493677,779.2234232147457,1059.6174999999998
2026-06-13 07:00:00+00:00,2026-06-12,725.1836476400347,1001.7434981645766,1025.2914192594478,1477.8600000000001
2026-06-13 08:00:00+00:00,2026-06-12,931.5785122309486,1363.4155781713448,1394.1935024708214,1665.33
2026-06-13 09:00:00+00:00,2026-06-12,1439.3495912481187,1753.9909563261403,1853.85139775592,1999.48
2026-06-13 10:00:00+00:00,2026-06-12,1573.2760900714284,1935.174177221341,1964.277483983996,2257.7825
2026-06-13 11:00:00+00:00,2026-06-12,1591.2922417345412,1897.551532276461,2009.2652540540344,2420.5125
2026-06-13 12:00:00+00:00,2026-06-12,1558.3544919251372,1769.6220815456952,1920.796291297944,2285.7425
2026-06-13 13:00:00+00:00,2026-06-12,1369.384713302508,1566.155775701987,1706.0471337126914,2110.46
2026-06-13 14:00:00+00:00,2026-06-12,1186.1346565249676,1377.9113449722,1518.527080046027,1768.885
2026-06-13 15:00:00+00:00,2026-06-12,911.7435837069908,1055.4000079742495,1139.4754113865272,1248.8325
2026-06-13 16:00:00+00:00,2026-06-12,544.6723626806033,600.9219575232288,622.1812577427229,729.215
2026-06-13 17:00:00+00:00,2026-06-12,249.9533001620117,352.3110878786313,383.1152836713255,328.6375
2026-06-13 18:00:00+00:00,2026-06-12,97.39202830930388,123.88206623953003,127.61941036139392,130.0625
2026-06-13 19:00:00+00:00,2026-06-12,0.0,0.0,36.99734299318154,70.305
2026-06-13 20:00:00+00:00,2026-06-12,0.0,1.54480478956687e-07,2.2674742605311566,4.585
2026-06-13 21:00:00+00:00,2026-06-12,0.0,1.54480478956687e-07,0.4039961727485425,0.0
2026-06-13 22:00:00+00:00,2026-06-13,0.0,0.0,1.54480478956687e-07,0.0
2026-06-13 23:00:00+00:00,2026-06-13,0.0,0.0,1.54480478956687e-07,0.0
2026-06-14 00:00:00+00:00,2026-06-13,0.0,0.0,1.54480478956687e-07,0.0
2026-06-14 01:00:00+00:00,2026-06-13,0.0,1.54480478956687e-07,1.792245017854052,4.69
2026-06-14 02:00:00+00:00,2026-06-13,1.625205707241343,4.303936079675429,17.519036431103036,47.675
2026-06-14 03:00:00+00:00,2026-06-13,0.0,7.136208226368861,60.08134790310493,98.45
2026-06-14 04:00:00+00:00,2026-06-13,175.7134968796253,280.0017384957971,402.3667849361819,285.985
2026-06-14 05:00:00+00:00,2026-06-13,400.9478931273841,627.603611303551,721.3543827102988,652.635
2026-06-14 06:00:00+00:00,2026-06-13,652.2338733219073,960.7086614767658,1220.4973302562532,1023.34
2026-06-14 07:00:00+00:00,2026-06-13,1127.7394296568152,1342.374762404929,1516.0263044947603,1300.245
2026-06-14 08:00:00+00:00,2026-06-13,1348.7638349021358,1552.5576262863665,1727.8004653860617,1494.105
2026-06-14 09:00:00+00:00,2026-06-13,1422.6324799988813,1678.308126732968,1830.1740477117903,1626.245
2026-06-14 10:00:00+00:00,2026-06-13,1452.9507007292627,1727.347634420972,1780.613354923269,1836.9975
2026-06-14 11:00:00+00:00,2026-06-13,1373.3666435901632,1731.118971509837,1805.8581484658544,2106.84
2026-06-14 12:00:00+00:00,2026-06-13,1319.151249831508,1562.7497243733785,1745.302393434158,2111.13
2026-06-14 13:00:00+00:00,2026-06-13,1224.371204161829,1438.5493380156097,1538.9020358111486,1948.29
2026-06-14 14:00:00+00:00,2026-06-13,955.2796860509472,1137.1875033743,1383.791823748351,1654.7125
2026-06-14 15:00:00+00:00,2026-06-13,752.0892940446969,970.8102548390918,1006.0877138405364,1171.9375
2026-06-14 16:00:00+00:00,2026-06-13,470.4915233472893,642.2147754879268,654.2720513528445,710.1424999999999
2026-06-14 17:00:00+00:00,2026-06-13,198.621043480662,329.64544989032925,391.6616917461898,314.61
2026-06-14 18:00:00+00:00,2026-06-13,81.84650215721084,119.28129720174584,136.37806892502778,121.845
2026-06-14 19:00:00+00:00,2026-06-13,0.0,9.062137720638423,34.73938498306851,68.1575
2026-06-14 20:00:00+00:00,2026-06-13,0.0,1.54480478956687e-07,0.1524876852940944,5.6125
2026-06-14 21:00:00+00:00,2026-06-13,0.0,0.0,1.54480478956687e-07,0.0
2026-06-14 22:00:00+00:00,2026-06-14,0.0,0.0,1.54480478956687e-07,0.0
2026-06-14 23:00:00+00:00,2026-06-14,0.0,0.0,1.54480478956687e-07,0.0
2026-06-15 00:00:00+00:00,2026-06-14,0.0,0.0,1.54480478956687e-07,0.0
2026-06-15 01:00:00+00:00,2026-06-14,0.0,1.54480478956687e-07,1.792245017854052,5.665
2026-06-15 02:00:00+00:00,2026-06-14,1.625205707241343,7.721840542953555,17.519036431103036,48.7475
2026-06-15 03:00:00+00:00,2026-06-14,0.0,0.0,142.82411711133594,100.97
2026-06-15 04:00:00+00:00,2026-06-14,171.58217542748196,312.8854203579388,367.8279459815985,323.565
2026-06-15 05:00:00+00:00,2026-06-14,426.9913326661865,695.5255669347212,783.835457470627,685.595
2026-06-15 06:00:00+00:00,2026-06-14,1042.7307350090832,1245.7246359060985,1411.6996839290605,1117.7150000000001
2026-06-15 07:00:00+00:00,2026-06-14,1516.9481049358162,1693.8493637080653,1771.881822761305,1555.2275
2026-06-15 08:00:00+00:00,2026-06-14,1623.9608113798174,1834.7832363842576,1964.8392223902065,1662.44
2026-06-15 09:00:00+00:00,2026-06-14,1718.0859869406297,1923.1362537830355,2027.749406480904,1705.78
2026-06-15 10:00:00+00:00,2026-06-14,1613.5015367015114,1853.1080172261145,2047.2604243136368,1871.195
2026-06-15 11:00:00+00:00,2026-06-14,1503.824132440815,1785.0277193659915,1902.835874641344,1996.72
2026-06-15 12:00:00+00:00,2026-06-14,1516.926093616526,1692.0722160168214,1829.3938008312275,1962.4125000000001
2026-06-15 13:00:00+00:00,2026-06-14,1472.2386025792246,1520.0270355166883,1671.182533721917,1950.3625
2026-06-15 14:00:00+00:00,2026-06-14,1160.770698514971,1361.2640363273165,1486.8879600224748,1734.8825
2026-06-15 15:00:00+00:00,2026-06-14,961.3073544973712,1051.2502269550537,1285.3074051463543,1354.9
2026-06-15 16:00:00+00:00,2026-06-14,504.7753553149756,582.6351973988848,597.6321888097783,792.9375
2026-06-15 17:00:00+00:00,2026-06-14,239.316222561928,361.0099040740648,365.8114224300977,337.1975
2026-06-15 18:00:00+00:00,2026-06-14,94.75901785703796,152.2653261335123,152.34226257765314,138.8575
2026-06-15 19:00:00+00:00,2026-06-14,0.0,2.943566809544175,27.424659238348863,75.835
2026-06-15 20:00:00+00:00,2026-06-14,0.0,1.54480478956687e-07,0.2351734792466002,7.405
2026-06-15 21:00:00+00:00,2026-06-14,0.0,0.0,1.54480478956687e-07,0.0
2026-06-15 22:00:00+00:00,2026-06-15,0.0,0.0,1.54480478956687e-07,0.0
2026-06-15 23:00:00+00:00,2026-06-15,0.0,0.0,1.54480478956687e-07,0.0
2026-06-16 00:00:00+00:00,2026-06-15,0.0,0.0,1.54480478956687e-07,0.0
2026-06-16 01:00:00+00:00,2026-06-15,0.0,1.54480478956687e-07,1.792245017854052,6.0825
2026-06-16 02:00:00+00:00,2026-06-15,1.625205707241343,3.7072792628570808,17.519036431103036,52.56
2026-06-16 03:00:00+00:00,2026-06-15,0.212994722698794,28.40211419024248,157.52204422942162,123.60249999999999
2026-06-16 04:00:00+00:00,2026-06-15,233.1444004018907,336.30412501718854,456.1641299151355,400.08000000000004
2026-06-16 05:00:00+00:00,2026-06-15,559.1354067534863,949.6169423182918,1216.740595773544,1004.355
2026-06-16 06:00:00+00:00,2026-06-15,1119.9765270815296,1542.2573328643205,1619.8094877970002,1821.465
2026-06-16 07:00:00+00:00,2026-06-15,1541.2936023920438,1908.751006434804,2005.199658009095,2410.94
2026-06-16 08:00:00+00:00,2026-06-15,1629.505209685094,2086.1642533549348,2128.3497491912503,2712.8050000000003
2026-06-16 09:00:00+00:00,2026-06-15,1650.4306104483023,2088.0752195875293,2100.14228236828,2780.7875
2026-06-16 10:00:00+00:00,2026-06-15,1630.6420989222177,2003.28883567698,2130.1780629548084,2703.18
2026-06-16 11:00:00+00:00,2026-06-15,1606.17546827664,1992.343215466877,2048.0749135284955,2632.475
2026-06-16 12:00:00+00:00,2026-06-15,1338.6417532778894,1747.730260349855,1797.3463402838447,2308.9575
2026-06-16 13:00:00+00:00,2026-06-15,1056.3932499784682,1335.9935589337351,1369.7805646619636,1747.96
2026-06-16 14:00:00+00:00,2026-06-15,659.748401882184,942.4456263487956,1024.7794513376305,1253.805
2026-06-16 15:00:00+00:00,2026-06-15,457.2856490358212,623.4708664827218,721.926808362736,876.04
2026-06-16 16:00:00+00:00,2026-06-15,307.2977368598212,423.0999787240421,556.9736021901671,526.5425
2026-06-16 17:00:00+00:00,2026-06-15,182.7245248449514,213.1278844669212,277.7001781990235,267.3775
2026-06-16 18:00:00+00:00,2026-06-15,62.941683142907976,106.98221301829876,123.02045055148736,118.35499999999999
2026-06-16 19:00:00+00:00,2026-06-15,0.0,10.269176962207432,24.37727170703948,74.61
2026-06-16 20:00:00+00:00,2026-06-15,1.54480478956687e-07,1.306648418606286,1.7911753435669855,7.1875
2026-06-16 21:00:00+00:00,2026-06-15,0.0,1.54480478956687e-07,0.3796329036404706,0.0
2026-06-16 22:00:00+00:00,2026-06-16,0.0,1.54480478956687e-07,2.229116314117248,0.0
2026-06-16 23:00:00+00:00,2026-06-16,0.0,0.0,1.54480478956687e-07,0.0
2026-06-17 00:00:00+00:00,2026-06-16,0.0,0.0,1.54480478956687e-07,0.0
2026-06-17 01:00:00+00:00,2026-06-16,0.0,1.54480478956687e-07,1.792245017854052,6.0025
2026-06-17 02:00:00+00:00,2026-06-16,1.625205707241343,7.86560458783951,17.519036431103036,51.675
2026-06-17 03:00:00+00:00,2026-06-16,1.248051086575869,8.784636647873521,67.48886630307331,111.47999999999999
2026-06-17 04:00:00+00:00,2026-06-16,160.9364649944733,205.2371388293347,260.46926695110307,347.52
2026-06-17 05:00:00+00:00,2026-06-16,354.87815395124653,626.2492398154928,661.4731635346004,850.4300000000001
2026-06-17 06:00:00+00:00,2026-06-16,530.95135772875,1025.7628612053902,1120.84429762379,1521.4125000000001
2026-06-17 07:00:00+00:00,2026-06-16,844.1220615835202,1301.9947415099057,1382.7742057173857,2187.9375
2026-06-17 08:00:00+00:00,2026-06-16,946.7299197013846,1548.7965154918209,1652.821807573969,2426.25
2026-06-17 09:00:00+00:00,2026-06-16,1363.15367529791,1848.647292690048,1881.1146094657715,2559.2825000000003
2026-06-17 10:00:00+00:00,2026-06-16,1373.786836950863,1870.6817251807483,1934.2159275883305,2724.3875
2026-06-17 11:00:00+00:00,2026-06-16,1353.9116596679885,1893.074609391317,1979.05134793407,2688.195
2026-06-17 12:00:00+00:00,2026-06-16,1310.9483590947182,1779.8784103833318,1848.0394613879164,2546.61
2026-06-17 13:00:00+00:00,2026-06-16,1270.177661820553,1582.6338280011016,1583.9898080347823,2245.0525
2026-06-17 14:00:00+00:00,2026-06-16,1105.1315312025845,1320.5459829199915,1548.687453086832,1834.5575000000001
2026-06-17 15:00:00+00:00,2026-06-16,745.9624979281436,958.884727101532,1041.4192649647582,1260.4375
2026-06-17 16:00:00+00:00,2026-06-16,359.1772316609179,435.3916340805356,548.0370723297634,710.7925
2026-06-17 17:00:00+00:00,2026-06-16,169.77544646204532,274.6099298881577,304.51829802169084,353.0625
2026-06-17 18:00:00+00:00,2026-06-16,60.16812623257126,83.00031474324382,92.66556334299688,152.8
2026-06-17 19:00:00+00:00,2026-06-16,0.0,8.603721697072197,24.16056632819241,77.29249999999999
2026-06-17 20:00:00+00:00,2026-06-16,1.54480478956687e-07,1.7911753435669855,1.9214181570299949,8.8225
2026-06-17 21:00:00+00:00,2026-06-16,0.0,1.54480478956687e-07,2.255546720077912,0.0
2026-06-17 22:00:00+00:00,2026-06-17,0.0,0.0,1.54480478956687e-07,0.0
2026-06-17 23:00:00+00:00,2026-06-17,0.0,1.54480478956687e-07,2.086616585562439,0.0
2026-06-18 00:00:00+00:00,2026-06-17,0.0,0.0,1.54480478956687e-07,0.0
2026-06-18 01:00:00+00:00,2026-06-17,0.0,1.54480478956687e-07,1.792245017854052,6.2125
2026-06-18 02:00:00+00:00,2026-06-17,1.625205707241343,11.549991991429676,17.519036431103036,53.4125
2026-06-18 03:00:00+00:00,2026-06-17,0.0,11.156638612735694,74.77927502119053,94.39
2026-06-18 04:00:00+00:00,2026-06-17,169.01480466813294,247.82013491005085,285.8376704020044,309.185
2026-06-18 05:00:00+00:00,2026-06-17,396.0533331589136,654.4079470188266,716.1286831964148,756.1275
2026-06-18 06:00:00+00:00,2026-06-17,811.5687603540198,1196.266419797241,1312.012889221102,1470.5125
2026-06-18 07:00:00+00:00,2026-06-17,1381.6975920632815,1725.5265759649378,1735.5749804234265,2098.0375
2026-06-18 08:00:00+00:00,2026-06-17,1715.8579755830756,2217.96593193444,2292.736244735807,2098.0375
2026-06-18 09:00:00+00:00,2026-06-17,1987.183367629086,2282.7973488803214,2380.4650520285986,2098.0375
2026-06-18 10:00:00+00:00,2026-06-17,1928.399681664839,2247.157717960728,2284.372120644732,2098.0375
2026-06-18 11:00:00+00:00,2026-06-17,1851.9068431382805,2189.421251706583,2192.652128705849,2098.0375
2026-06-18 12:00:00+00:00,2026-06-17,1772.5889822581194,2082.126474121584,2117.9279471126906,2098.0375
2026-06-18 13:00:00+00:00,2026-06-17,1553.3555550692704,1807.5194318222843,1872.0217118766184,2098.0375
2026-06-18 14:00:00+00:00,2026-06-17,1220.385794275583,1510.2114897796948,1514.5232210452784,2098.0375
2026-06-18 15:00:00+00:00,2026-06-17,922.04684929459,1116.2436319483686,1157.2328064972094,2098.0375
2026-06-18 16:00:00+00:00,2026-06-17,565.329804026704,636.1875409994936,667.4938559327998,2098.0375
2026-06-18 17:00:00+00:00,2026-06-17,236.1116784827103,352.873567135601,407.2481467008474,2098.0375
2026-06-18 18:00:00+00:00,2026-06-17,81.60789477259871,144.40089097781086,155.75658601906937,2098.0375
2026-06-18 19:00:00+00:00,2026-06-17,0.0,5.042913197782618,25.196755031701816,2098.0375
2026-06-18 20:00:00+00:00,2026-06-17,0.0,1.54480478956687e-07,1.792245017854052,2098.0375
2026-06-18 21:00:00+00:00,2026-06-17,0.0,0.0,1.54480478956687e-07,2098.0375
